<?xml version="1.0" encoding="UTF-8" ?>
<!-- Generated by Oracle SOA Modeler version 1.0 at [2/17/11 5:15 PM]. -->
<composite name="FileOperations"
           revision="1.0"
           label="2011-02-17_17-15-45_805"
           mode="active"
           state="on"
           xmlns="http://xmlns.oracle.com/sca/1.0"
           xmlns:xs="http://www.w3.org/2001/XMLSchema"
           xmlns:wsp="http://schemas.xmlsoap.org/ws/2004/09/policy"
           xmlns:orawsp="http://schemas.oracle.com/ws/2006/01/policy"
           xmlns:ui="http://xmlns.oracle.com/soa/designer/">
  <import namespace="http://xmlns.oracle.com/pcbpel/adapter/file/FileOperations/FileOperations/FileMove"
          location="FileMove.wsdl" importType="wsdl"/>
  <import namespace="http://xmlns.oracle.com/FileOperations_jws/FileOperations/BPELFileOperations"
          location="BPELFileOperations.wsdl" importType="wsdl"/>
  <import namespace="http://xmlns.oracle.com/pcbpel/adapter/file/FileOperations/FileOperations/FileCopy"
          location="FileCopy.wsdl" importType="wsdl"/>
  <import namespace="http://xmlns.oracle.com/pcbpel/adapter/file/FileOperations/FileOperations/FileDelete"
          location="FileDelete.wsdl" importType="wsdl"/>
  <import namespace="http://xmlns.oracle.com/pcbpel/adapter/ftp/FileOperationsApp/FileOperations/FTPMove"
          location="FTPMove.wsdl" importType="wsdl"/>
  <import namespace="http://xmlns.oracle.com/pcbpel/adapter/ftp/FileOperationsApp/FileOperations/FTPDelete"
          location="FTPDelete.wsdl" importType="wsdl"/>
  <import namespace="http://xmlns.oracle.com/pcbpel/adapter/ftp/FileOperationsApp/FileOperations/FTPCopy"
          location="FTPCopy.wsdl" importType="wsdl"/>
  <import namespace="http://xmlns.oracle.com/pcbpel/adapter/ftp/FileOperationsApp/FileOperations/FileToFTPCopy"
          location="FileToFTPCopy.wsdl" importType="wsdl"/>
  <import namespace="http://xmlns.oracle.com/pcbpel/adapter/ftp/FileOperationsApp/FileOperations/FtpToFileCopy"
          location="FtpToFileCopy.wsdl" importType="wsdl"/>
  <import namespace="http://xmlns.oracle.com/pcbpel/adapter/ftp/FileOperationsApp/FileOperations/FileToFtpMove"
          location="FileToFtpMove.wsdl" importType="wsdl"/>
  <import namespace="http://xmlns.oracle.com/pcbpel/adapter/ftp/FileOperationsApp/FileOperations/FtpToFileMove"
          location="FtpToFileMove.wsdl" importType="wsdl"/>
  <service name="bpelfileoperations_client_ep"
           ui:wsdlLocation="BPELFileOperations.wsdl">
    <interface.wsdl interface="http://xmlns.oracle.com/FileOperations_jws/FileOperations/BPELFileOperations#wsdl.interface(BPELFileOperations)"/>
    <binding.ws port="http://xmlns.oracle.com/FileOperations_jws/FileOperations/BPELFileOperations#wsdl.endpoint(bpelfileoperations_client_ep/BPELFileOperations_pt)"/>
  </service>
  <component name="BPELFileOperations">
    <implementation.bpel src="BPELFileOperations.bpel"/>
  </component>
  <reference name="FileMove" ui:wsdlLocation="FileMove.wsdl">
    <interface.wsdl interface="http://xmlns.oracle.com/pcbpel/adapter/file/FileOperations/FileOperations/FileMove#wsdl.interface(FileMove_ptt)"/>
    <binding.jca config="FileMove_file.jca"/>
  </reference>
  <reference name="FileCopy" ui:wsdlLocation="FileCopy.wsdl">
    <interface.wsdl interface="http://xmlns.oracle.com/pcbpel/adapter/file/FileOperations/FileOperations/FileCopy#wsdl.interface(FileCopy_ptt)"/>
    <binding.jca config="FileCopy_file.jca"/>
  </reference>
  <reference name="FileDelete" ui:wsdlLocation="FileDelete.wsdl">
    <interface.wsdl interface="http://xmlns.oracle.com/pcbpel/adapter/file/FileOperations/FileOperations/FileDelete#wsdl.interface(FileDelete_ptt)"/>
    <binding.jca config="FileDelete_file.jca"/>
  </reference>
  <reference name="FTPMove" ui:wsdlLocation="FTPMove.wsdl">
    <interface.wsdl interface="http://xmlns.oracle.com/pcbpel/adapter/ftp/FileOperationsApp/FileOperations/FTPMove#wsdl.interface(FTPMove_ptt)"/>
    <binding.jca config="FTPMove_ftp.jca">
          <property name="UseNativeRenameOperation" type="xs:string" many="false" override="may">true</property>
    </binding.jca>
  </reference>
  <reference name="FTPDelete" ui:wsdlLocation="FTPDelete.wsdl">
    <interface.wsdl interface="http://xmlns.oracle.com/pcbpel/adapter/ftp/FileOperationsApp/FileOperations/FTPDelete#wsdl.interface(FTPDelete_ptt)"/>
    <binding.jca config="FTPDelete_ftp.jca"/>
  </reference>
  <reference name="FTPCopy" ui:wsdlLocation="FTPCopy.wsdl">
    <interface.wsdl interface="http://xmlns.oracle.com/pcbpel/adapter/ftp/FileOperationsApp/FileOperations/FTPCopy#wsdl.interface(FTPCopy_ptt)"/>
    <binding.jca config="FTPCopy_ftp.jca"/>
  </reference>
  <reference name="FileToFTPCopy" ui:wsdlLocation="FileToFTPCopy.wsdl">
    <interface.wsdl interface="http://xmlns.oracle.com/pcbpel/adapter/ftp/FileOperationsApp/FileOperations/FileToFTPCopy#wsdl.interface(FileToFtpCopy_ptt)"/>
    <binding.jca config="FileToFTPCopy_ftp.jca"/>
  </reference>
  <reference name="FtpToFileCopy" ui:wsdlLocation="FtpToFileCopy.wsdl">
    <interface.wsdl interface="http://xmlns.oracle.com/pcbpel/adapter/ftp/FileOperationsApp/FileOperations/FtpToFileCopy#wsdl.interface(FtpToFileCopy_ptt)"/>
    <binding.jca config="FtpToFileCopy_ftp.jca"/>
  </reference>
  <reference name="FileToFtpMove" ui:wsdlLocation="FileToFtpMove.wsdl">
    <interface.wsdl interface="http://xmlns.oracle.com/pcbpel/adapter/ftp/FileOperationsApp/FileOperations/FileToFtpMove#wsdl.interface(FileToFtpMove_ptt)"/>
    <binding.jca config="FileToFtpMove_ftp.jca"/>
  </reference>
  <reference name="FtpToFileMove" ui:wsdlLocation="FtpToFileMove.wsdl">
    <interface.wsdl interface="http://xmlns.oracle.com/pcbpel/adapter/ftp/FileOperationsApp/FileOperations/FtpToFileMove#wsdl.interface(FtpToFileMove_ptt)"/>
    <binding.jca config="FtpToFileMove_ftp.jca"/>
  </reference>
  <wire>
    <source.uri>bpelfileoperations_client_ep</source.uri>
    <target.uri>BPELFileOperations/bpelfileoperations_client</target.uri>
  </wire>
  <wire>
    <source.uri>BPELFileOperations/FileMove</source.uri>
    <target.uri>FileMove</target.uri>
  </wire>
  <wire>
    <source.uri>BPELFileOperations/FileCopy</source.uri>
    <target.uri>FileCopy</target.uri>
  </wire>
  <wire>
    <source.uri>BPELFileOperations/FileDelete</source.uri>
    <target.uri>FileDelete</target.uri>
  </wire>
  <wire>
    <source.uri>BPELFileOperations/FTPMove</source.uri>
    <target.uri>FTPMove</target.uri>
  </wire>
  <wire>
    <source.uri>BPELFileOperations/FTPDelete</source.uri>
    <target.uri>FTPDelete</target.uri>
  </wire>
  <wire>
    <source.uri>BPELFileOperations/FTPCopy</source.uri>
    <target.uri>FTPCopy</target.uri>
  </wire>
  <wire>
    <source.uri>BPELFileOperations/FileToFTPCopy</source.uri>
    <target.uri>FileToFTPCopy</target.uri>
  </wire>
  <wire>
    <source.uri>BPELFileOperations/FtpToFileCopy</source.uri>
    <target.uri>FtpToFileCopy</target.uri>
  </wire>
  <wire>
    <source.uri>BPELFileOperations/FileToFtpMove</source.uri>
    <target.uri>FileToFtpMove</target.uri>
  </wire>
  <wire>
    <source.uri>BPELFileOperations/FtpToFileMove</source.uri>
    <target.uri>FtpToFileMove</target.uri>
  </wire>
</composite>
