<?xml version="1.0" encoding="UTF-8" ?>
<!-- Generated by Oracle SOA Modeler version 1.0 at [2/28/11 12:32 PM]. -->
<composite name="TestFileOps"
           revision="1.0"
           label="2011-02-28_12-32-25_979"
           mode="active"
           state="on"
           xmlns="http://xmlns.oracle.com/sca/1.0"
           xmlns:xs="http://www.w3.org/2001/XMLSchema"
           xmlns:wsp="http://schemas.xmlsoap.org/ws/2004/09/policy"
           xmlns:orawsp="http://schemas.oracle.com/ws/2006/01/policy"
           xmlns:ui="http://xmlns.oracle.com/soa/designer/">
  <import namespace="http://xmlns.oracle.com/FileOperationsApp_jws/TestFileOps/BPELTestFileOpsProcess"
          location="BPELTestFileOpsProcess.wsdl" importType="wsdl"/>
  <import namespace="http://xmlns.oracle.com/FileOperations_jws/FileOperations/BPELFileOperations"
          location="http://soavm2.ayi-asociados.com:8001/soa-infra/services/default/FileOperations/BPELFileOperations.wsdl"
          importType="wsdl"/>
  <service name="bpeltestfileopsprocess_client_ep"
           ui:wsdlLocation="BPELTestFileOpsProcess.wsdl">
    <interface.wsdl interface="http://xmlns.oracle.com/FileOperationsApp_jws/TestFileOps/BPELTestFileOpsProcess#wsdl.interface(BPELTestFileOpsProcess)"/>
    <binding.ws port="http://xmlns.oracle.com/FileOperationsApp_jws/TestFileOps/BPELTestFileOpsProcess#wsdl.endpoint(bpeltestfileopsprocess_client_ep/BPELTestFileOpsProcess_pt)"/>
  </service>
  <component name="BPELTestFileOpsProcess">
    <implementation.bpel src="BPELTestFileOpsProcess.bpel"/>
  </component>
  <reference name="FileOperations"
             ui:wsdlLocation="http://soavm2.ayi-asociados.com:8001/soa-infra/services/default/FileOperations/BPELFileOperations.wsdl">
    <interface.wsdl interface="http://xmlns.oracle.com/FileOperations_jws/FileOperations/BPELFileOperations#wsdl.interface(BPELFileOperations)"/>
    <binding.ws port="http://xmlns.oracle.com/FileOperations_jws/FileOperations/BPELFileOperations#wsdl.endpoint(bpelfileoperations_client_ep/BPELFileOperations_pt)"
                location="http://soavm2.ayi-asociados.com:8001/soa-infra/services/default/FileOperations/bpelfileoperations_client_ep?WSDL"
                soapVersion="1.1">
      <property name="weblogic.wsee.wsat.transaction.flowOption"
                type="xs:string" many="false">WSDLDriven</property>
    </binding.ws>
  </reference>
  <wire>
    <source.uri>bpeltestfileopsprocess_client_ep</source.uri>
    <target.uri>BPELTestFileOpsProcess/bpeltestfileopsprocess_client</target.uri>
  </wire>
  <wire>
    <source.uri>BPELTestFileOpsProcess/FileOperations</source.uri>
    <target.uri>FileOperations</target.uri>
  </wire>
</composite>
