<?xml version = '1.0' encoding = 'UTF-8'?>
<graphics>
   <diagram optimizeLayout="false" popupEditor="false" fixedWidthSwimlanes="true" roundedPartnerlinks="true" centerZoom="true" validateOnLoad="true" confirmBeforeDelete="true" selectedPartnerLinkColor="0,0,153" swimlaneBackground="240,240,240" swimlaneDividerBackground="218,218,218" graphBackground="255,255,255" selectedBorderBackground="49,105,198" connectedPartnerLinkColor="204,204,255" connectablePartnerLinkColor="0,0,255" unconnectedPartnerLinkColor="192,192,192"/>
   <annotationfile/>
   <iconize scope="no" catchall="no" dropzone="no" pick="no" catch="no" flow="no" javaembedding="no" onmessage="no" throw="no" onalarm="no" terminate="no" empty="no" sequence="no" compensate="no" optimize="no" transform="no" reply="no" validate="no" while="no" wait="no" compensationhandler="no" assign="no" receive="no" switch="no" invoke="no"/>
   <partnerlink_locations>
      <partnerlink name="bpelfileoperations_client" x="1" y="131" side="left"/>
      <partnerlink name="FileMove" x="2322" y="18" side="right"/>
      <partnerlink name="FileCopy" x="2322" y="531" side="right"/>
      <partnerlink name="FileDelete" x="2322" y="75" side="right"/>
      <partnerlink name="FTPMove" x="2322" y="360" side="right"/>
      <partnerlink name="FTPDelete" x="2322" y="417" side="right"/>
      <partnerlink name="FTPCopy" x="2322" y="132" side="right"/>
      <partnerlink name="FileToFTPCopy" x="2322" y="474" side="right"/>
      <partnerlink name="FtpToFileCopy" x="2322" y="189" side="right"/>
      <partnerlink name="FileToFtpMove" x="2322" y="246" side="right"/>
      <partnerlink name="FtpToFileMove" x="2322" y="303" side="right"/>
   </partnerlink_locations>
   <graph_layout viewport="0,117,664,381" show_swimlanes="true">
      <layout_item collapsed="false" xpath="/process" type="process" showhandlers="true"/>
      <layout_item collapsed="false" xpath="/process/sequence" type="sequence"/>
      <layout_item collapsed="false" xpath="/process/sequence/pick" type="pick"/>
      <layout_item collapsed="false" xpath="/process/sequence/pick/onMessage[1]" type="onMessage"/>
      <layout_item collapsed="false" xpath="/process/sequence/pick/onMessage[1]/sequence" type="sequence"/>
      <layout_item collapsed="false" xpath="/process/sequence/pick/onMessage[1]/sequence/scope" type="scope" showhandlers="false"/>
      <layout_item collapsed="false" xpath="/process/sequence/pick/onMessage[1]/sequence/scope/faultHandlers/catchAll" type="catchall"/>
      <layout_item collapsed="false" xpath="/process/sequence/pick/onMessage[1]/sequence/scope/faultHandlers/catchAll/sequence" type="sequence"/>
      <layout_item collapsed="false" xpath="/process/sequence/pick/onMessage[1]/sequence/scope/sequence" type="sequence"/>
      <layout_item collapsed="false" xpath="/process/sequence/pick/onMessage[2]" type="onMessage"/>
      <layout_item collapsed="true" xpath="/process/sequence/pick/onMessage[2]/scope" type="scope" showhandlers="false"/>
      <layout_item collapsed="false" xpath="/process/sequence/pick/onMessage[2]/scope/faultHandlers/catchAll" type="catchall"/>
      <layout_item collapsed="false" xpath="/process/sequence/pick/onMessage[2]/scope/faultHandlers/catchAll/sequence" type="sequence"/>
      <layout_item collapsed="false" xpath="/process/sequence/pick/onMessage[2]/scope/sequence" type="sequence"/>
      <layout_item collapsed="false" xpath="/process/sequence/pick/onMessage[3]" type="onMessage"/>
      <layout_item collapsed="false" xpath="/process/sequence/pick/onMessage[3]/sequence" type="sequence"/>
      <layout_item collapsed="true" xpath="/process/sequence/pick/onMessage[3]/sequence/scope" type="scope" showhandlers="false"/>
      <layout_item collapsed="false" xpath="/process/sequence/pick/onMessage[3]/sequence/scope/faultHandlers/catchAll" type="catchall"/>
      <layout_item collapsed="false" xpath="/process/sequence/pick/onMessage[3]/sequence/scope/faultHandlers/catchAll/sequence" type="sequence"/>
      <layout_item collapsed="false" xpath="/process/sequence/pick/onMessage[3]/sequence/scope/sequence" type="sequence"/>
      <layout_item collapsed="false" xpath="/process/sequence/pick/onMessage[4]" type="onMessage"/>
      <layout_item collapsed="true" xpath="/process/sequence/pick/onMessage[4]/scope" type="scope" showhandlers="false"/>
      <layout_item collapsed="false" xpath="/process/sequence/pick/onMessage[4]/scope/faultHandlers/catchAll" type="catchall"/>
      <layout_item collapsed="false" xpath="/process/sequence/pick/onMessage[4]/scope/faultHandlers/catchAll/sequence" type="sequence"/>
      <layout_item collapsed="false" xpath="/process/sequence/pick/onMessage[4]/scope/sequence" type="sequence"/>
      <layout_item collapsed="false" xpath="/process/sequence/pick/onMessage[5]" type="onMessage"/>
      <layout_item collapsed="false" xpath="/process/sequence/pick/onMessage[5]/scope" type="scope" showhandlers="false"/>
      <layout_item collapsed="false" xpath="/process/sequence/pick/onMessage[5]/scope/faultHandlers/catchAll" type="catchall"/>
      <layout_item collapsed="false" xpath="/process/sequence/pick/onMessage[5]/scope/faultHandlers/catchAll/sequence" type="sequence"/>
      <layout_item collapsed="false" xpath="/process/sequence/pick/onMessage[5]/scope/sequence" type="sequence"/>
      <layout_item collapsed="false" xpath="/process/sequence/pick/onMessage[6]" type="onMessage"/>
      <layout_item collapsed="false" xpath="/process/sequence/pick/onMessage[6]/scope" type="scope" showhandlers="true"/>
      <layout_item collapsed="false" xpath="/process/sequence/pick/onMessage[6]/scope/faultHandlers/catchAll" type="catchall"/>
      <layout_item collapsed="false" xpath="/process/sequence/pick/onMessage[6]/scope/faultHandlers/catchAll/sequence" type="sequence"/>
      <layout_item collapsed="false" xpath="/process/sequence/pick/onMessage[6]/scope/sequence" type="sequence"/>
      <layout_item collapsed="false" xpath="/process/sequence/pick/onMessage[7]" type="onMessage"/>
      <layout_item collapsed="false" xpath="/process/sequence/pick/onMessage[7]/scope" type="scope" showhandlers="false"/>
      <layout_item collapsed="false" xpath="/process/sequence/pick/onMessage[7]/scope/faultHandlers/catchAll" type="catchall"/>
      <layout_item collapsed="false" xpath="/process/sequence/pick/onMessage[7]/scope/faultHandlers/catchAll/sequence" type="sequence"/>
      <layout_item collapsed="false" xpath="/process/sequence/pick/onMessage[7]/scope/sequence" type="sequence"/>
      <layout_item collapsed="false" xpath="/process/sequence/pick/onMessage[8]" type="onMessage"/>
      <layout_item collapsed="true" xpath="/process/sequence/pick/onMessage[8]/scope" type="scope" showhandlers="true"/>
      <layout_item collapsed="true" xpath="/process/sequence/pick/onMessage[8]/scope/faultHandlers/catchAll" type="catchall"/>
      <layout_item collapsed="false" xpath="/process/sequence/pick/onMessage[8]/scope/faultHandlers/catchAll/sequence" type="sequence"/>
      <layout_item collapsed="false" xpath="/process/sequence/pick/onMessage[8]/scope/sequence" type="sequence"/>
      <layout_item collapsed="false" xpath="/process/sequence/pick/onMessage[9]" type="onMessage"/>
      <layout_item collapsed="true" xpath="/process/sequence/pick/onMessage[9]/scope" type="scope" showhandlers="true"/>
      <layout_item collapsed="true" xpath="/process/sequence/pick/onMessage[9]/scope/faultHandlers/catchAll" type="catchall"/>
      <layout_item collapsed="false" xpath="/process/sequence/pick/onMessage[9]/scope/faultHandlers/catchAll/sequence" type="sequence"/>
      <layout_item collapsed="false" xpath="/process/sequence/pick/onMessage[9]/scope/sequence" type="sequence"/>
      <layout_item collapsed="false" xpath="/process/sequence/pick/onMessage[10]" type="onMessage"/>
      <layout_item collapsed="true" xpath="/process/sequence/pick/onMessage[10]/scope" type="scope" showhandlers="true"/>
      <layout_item collapsed="true" xpath="/process/sequence/pick/onMessage[10]/scope/faultHandlers/catchAll" type="catchall"/>
      <layout_item collapsed="false" xpath="/process/sequence/pick/onMessage[10]/scope/faultHandlers/catchAll/sequence" type="sequence"/>
      <layout_item collapsed="false" xpath="/process/sequence/pick/onMessage[10]/scope/sequence" type="sequence"/>
   </graph_layout>
   <bookmarks/>
</graphics>
